Province,Gender,Occupation,Employment
Canada,Total,Total - Occupation - Unit group - National Occupational Classification (NOC) 2021 12,30335920
Canada,Male,Total - Occupation - Unit group - National Occupational Classification (NOC) 2021 12,14861245
Canada,Female,Total - Occupation - Unit group - National Occupational Classification (NOC) 2021 12,15474670
Newfoundland and Labrador,Total,Total - Occupation - Unit group - National Occupational Classification (NOC) 2021 12,433955
Newfoundland and Labrador,Male,Total - Occupation - Unit group - National Occupational Classification (NOC) 2021 12,211180
Newfoundland and Labrador,Female,Total - Occupation - Unit group - National Occupational Classification (NOC) 2021 12,222775
Prince Edward Island,Total,Total - Occupation - Unit group - National Occupational Classification (NOC) 2021 12,126900
Prince Edward Island,Male,Total - Occupation - Unit group - National Occupational Classification (NOC) 2021 12,61450
Prince Edward Island,Female,Total - Occupation - Unit group - National Occupational Classification (NOC) 2021 12,65450
Nova Scotia,Total,Total - Occupation - Unit group - National Occupational Classification (NOC) 2021 12,819315
Nova Scotia,Male,Total - Occupation - Unit group - National Occupational Classification (NOC) 2021 12,395805
Nova Scotia,Female,Total - Occupation - Unit group - National Occupational Classification (NOC) 2021 12,423510
New Brunswick,Total,Total - Occupation - Unit group - National Occupational Classification (NOC) 2021 12,648250
New Brunswick,Male,Total - Occupation - Unit group - National Occupational Classification (NOC) 2021 12,316950
New Brunswick,Female,Total - Occupation - Unit group - National Occupational Classification (NOC) 2021 12,331300
Quebec,Total,Total - Occupation - Unit group - National Occupational Classification (NOC) 2021 12,6918730
Quebec,Male,Total - Occupation - Unit group - National Occupational Classification (NOC) 2021 12,3414515
Quebec,Female,Total - Occupation - Unit group - National Occupational Classification (NOC) 2021 12,3504210
Ontario,Total,Total - Occupation - Unit group - National Occupational Classification (NOC) 2021 12,11782825
Ontario,Male,Total - Occupation - Unit group - National Occupational Classification (NOC) 2021 12,5733360
Ontario,Female,Total - Occupation - Unit group - National Occupational Classification (NOC) 2021 12,6049460
Manitoba,Total,Total - Occupation - Unit group - National Occupational Classification (NOC) 2021 12,1058410
Manitoba,Male,Total - Occupation - Unit group - National Occupational Classification (NOC) 2021 12,522505
Manitoba,Female,Total - Occupation - Unit group - National Occupational Classification (NOC) 2021 12,535905
Saskatchewan,Total,Total - Occupation - Unit group - National Occupational Classification (NOC) 2021 12,882760
Saskatchewan,Male,Total - Occupation - Unit group - National Occupational Classification (NOC) 2021 12,436515
Saskatchewan,Female,Total - Occupation - Unit group - National Occupational Classification (NOC) 2021 12,446245
Alberta,Total,Total - Occupation - Unit group - National Occupational Classification (NOC) 2021 12,3375130
Alberta,Male,Total - Occupation - Unit group - National Occupational Classification (NOC) 2021 12,1675855
Alberta,Female,Total - Occupation - Unit group - National Occupational Classification (NOC) 2021 12,1699275
British Columbia,Total,Total - Occupation - Unit group - National Occupational Classification (NOC) 2021 12,4200425
British Columbia,Male,Total - Occupation - Unit group - National Occupational Classification (NOC) 2021 12,2048395
British Columbia,Female,Total - Occupation - Unit group - National Occupational Classification (NOC) 2021 12,2152025
Yukon,Total,Total - Occupation - Unit group - National Occupational Classification (NOC) 2021 12,32775
Yukon,Male,Total - Occupation - Unit group - National Occupational Classification (NOC) 2021 12,16185
Yukon,Female,Total - Occupation - Unit group - National Occupational Classification (NOC) 2021 12,16595
Northwest Territories,Total,Total - Occupation - Unit group - National Occupational Classification (NOC) 2021 12,31915
Northwest Territories,Male,Total - Occupation - Unit group - National Occupational Classification (NOC) 2021 12,16125
Northwest Territories,Female,Total - Occupation - Unit group - National Occupational Classification (NOC) 2021 12,15785
Nunavut,Total,Total - Occupation - Unit group - National Occupational Classification (NOC) 2021 12,24540
Nunavut,Male,Total - Occupation - Unit group - National Occupational Classification (NOC) 2021 12,12410
Nunavut,Female,Total - Occupation - Unit group - National Occupational Classification (NOC) 2021 12,12130
Canada,Total,0 Legislative and senior management occupations,267690
Canada,Male,0 Legislative and senior management occupations,186230
Canada,Female,0 Legislative and senior management occupations,81460
Newfoundland and Labrador,Total,0 Legislative and senior management occupations,2180
Newfoundland and Labrador,Male,0 Legislative and senior management occupations,1270
Newfoundland and Labrador,Female,0 Legislative and senior management occupations,915
Prince Edward Island,Total,0 Legislative and senior management occupations,875
Prince Edward Island,Male,0 Legislative and senior management occupations,540
Prince Edward Island,Female,0 Legislative and senior management occupations,335
Nova Scotia,Total,0 Legislative and senior management occupations,5380
Nova Scotia,Male,0 Legislative and senior management occupations,3330
Nova Scotia,Female,0 Legislative and senior management occupations,2045
New Brunswick,Total,0 Legislative and senior management occupations,3810
New Brunswick,Male,0 Legislative and senior management occupations,2465
New Brunswick,Female,0 Legislative and senior management occupations,1340
Quebec,Total,0 Legislative and senior management occupations,83500
Quebec,Male,0 Legislative and senior management occupations,60115
Quebec,Female,0 Legislative and senior management occupations,23385
Ontario,Total,0 Legislative and senior management occupations,99875
Ontario,Male,0 Legislative and senior management occupations,69175
Ontario,Female,0 Legislative and senior management occupations,30700
Manitoba,Total,0 Legislative and senior management occupations,6705
Manitoba,Male,0 Legislative and senior management occupations,4385
Manitoba,Female,0 Legislative and senior management occupations,2320
Saskatchewan,Total,0 Legislative and senior management occupations,5725
Saskatchewan,Male,0 Legislative and senior management occupations,3360
Saskatchewan,Female,0 Legislative and senior management occupations,2370
Alberta,Total,0 Legislative and senior management occupations,24445
Alberta,Male,0 Legislative and senior management occupations,17320
Alberta,Female,0 Legislative and senior management occupations,7125
British Columbia,Total,0 Legislative and senior management occupations,34020
British Columbia,Male,0 Legislative and senior management occupations,23640
British Columbia,Female,0 Legislative and senior management occupations,10380
Yukon,Total,0 Legislative and senior management occupations,460
Yukon,Male,0 Legislative and senior management occupations,220
Yukon,Female,0 Legislative and senior management occupations,240
Northwest Territories,Total,0 Legislative and senior management occupations,435
Northwest Territories,Male,0 Legislative and senior management occupations,245
Northwest Territories,Female,0 Legislative and senior management occupations,185
Nunavut,Total,0 Legislative and senior management occupations,280
Nunavut,Male,0 Legislative and senior management occupations,160
Nunavut,Female,0 Legislative and senior management occupations,115
Canada,Total,"1 Business, finance and administration occupations",3557055
Canada,Male,"1 Business, finance and administration occupations",1135350
Canada,Female,"1 Business, finance and administration occupations",2421705
Newfoundland and Labrador,Total,"1 Business, finance and administration occupations",35440
Newfoundland and Labrador,Male,"1 Business, finance and administration occupations",9400
Newfoundland and Labrador,Female,"1 Business, finance and administration occupations",26045
Prince Edward Island,Total,"1 Business, finance and administration occupations",13330
Prince Edward Island,Male,"1 Business, finance and administration occupations",3800
Prince Edward Island,Female,"1 Business, finance and administration occupations",9525
Nova Scotia,Total,"1 Business, finance and administration occupations",79305
Nova Scotia,Male,"1 Business, finance and administration occupations",23020
Nova Scotia,Female,"1 Business, finance and administration occupations",56290
New Brunswick,Total,"1 Business, finance and administration occupations",63420
New Brunswick,Male,"1 Business, finance and administration occupations",18285
New Brunswick,Female,"1 Business, finance and administration occupations",45135
Quebec,Total,"1 Business, finance and administration occupations",832790
Quebec,Male,"1 Business, finance and administration occupations",273850
Quebec,Female,"1 Business, finance and administration occupations",558940
Ontario,Total,"1 Business, finance and administration occupations",1428300
Ontario,Male,"1 Business, finance and administration occupations",479380
Ontario,Female,"1 Business, finance and administration occupations",948920
Manitoba,Total,"1 Business, finance and administration occupations",115275
Manitoba,Male,"1 Business, finance and administration occupations",35445
Manitoba,Female,"1 Business, finance and administration occupations",79830
Saskatchewan,Total,"1 Business, finance and administration occupations",89410
Saskatchewan,Male,"1 Business, finance and administration occupations",24000
Saskatchewan,Female,"1 Business, finance and administration occupations",65410
Alberta,Total,"1 Business, finance and administration occupations",403300
Alberta,Male,"1 Business, finance and administration occupations",117240
Alberta,Female,"1 Business, finance and administration occupations",286065
British Columbia,Total,"1 Business, finance and administration occupations",484985
British Columbia,Male,"1 Business, finance and administration occupations",148070
British Columbia,Female,"1 Business, finance and administration occupations",336915
Yukon,Total,"1 Business, finance and administration occupations",4535
Yukon,Male,"1 Business, finance and administration occupations",1065
Yukon,Female,"1 Business, finance and administration occupations",3470
Northwest Territories,Total,"1 Business, finance and administration occupations",4350
Northwest Territories,Male,"1 Business, finance and administration occupations",1105
Northwest Territories,Female,"1 Business, finance and administration occupations",3240
Nunavut,Total,"1 Business, finance and administration occupations",2605
Nunavut,Male,"1 Business, finance and administration occupations",680
Nunavut,Female,"1 Business, finance and administration occupations",1935
Canada,Total,2 Natural and applied sciences and related occupations,1666685
Canada,Male,2 Natural and applied sciences and related occupations,1257790
Canada,Female,2 Natural and applied sciences and related occupations,408895
Newfoundland and Labrador,Total,2 Natural and applied sciences and related occupations,16165
Newfoundland and Labrador,Male,2 Natural and applied sciences and related occupations,12580
Newfoundland and Labrador,Female,2 Natural and applied sciences and related occupations,3585
Prince Edward Island,Total,2 Natural and applied sciences and related occupations,5255
Prince Edward Island,Male,2 Natural and applied sciences and related occupations,3855
Prince Edward Island,Female,2 Natural and applied sciences and related occupations,1405
Nova Scotia,Total,2 Natural and applied sciences and related occupations,34275
Nova Scotia,Male,2 Natural and applied sciences and related occupations,26140
Nova Scotia,Female,2 Natural and applied sciences and related occupations,8130
New Brunswick,Total,2 Natural and applied sciences and related occupations,25575
New Brunswick,Male,2 Natural and applied sciences and related occupations,19945
New Brunswick,Female,2 Natural and applied sciences and related occupations,5635
Quebec,Total,2 Natural and applied sciences and related occupations,376995
Quebec,Male,2 Natural and applied sciences and related occupations,284830
Quebec,Female,2 Natural and applied sciences and related occupations,92160
Ontario,Total,2 Natural and applied sciences and related occupations,718405
Ontario,Male,2 Natural and applied sciences and related occupations,537175
Ontario,Female,2 Natural and applied sciences and related occupations,181235
Manitoba,Total,2 Natural and applied sciences and related occupations,41015
Manitoba,Male,2 Natural and applied sciences and related occupations,31450
Manitoba,Female,2 Natural and applied sciences and related occupations,9565
Saskatchewan,Total,2 Natural and applied sciences and related occupations,32115
Saskatchewan,Male,2 Natural and applied sciences and related occupations,24340
Saskatchewan,Female,2 Natural and applied sciences and related occupations,7775
Alberta,Total,2 Natural and applied sciences and related occupations,192305
Alberta,Male,2 Natural and applied sciences and related occupations,147700
Alberta,Female,2 Natural and applied sciences and related occupations,44610
British Columbia,Total,2 Natural and applied sciences and related occupations,220820
British Columbia,Male,2 Natural and applied sciences and related occupations,167105
British Columbia,Female,2 Natural and applied sciences and related occupations,53710
Yukon,Total,2 Natural and applied sciences and related occupations,1725
Yukon,Male,2 Natural and applied sciences and related occupations,1200
Yukon,Female,2 Natural and applied sciences and related occupations,525
Northwest Territories,Total,2 Natural and applied sciences and related occupations,1545
Northwest Territories,Male,2 Natural and applied sciences and related occupations,1100
Northwest Territories,Female,2 Natural and applied sciences and related occupations,445
Nunavut,Total,2 Natural and applied sciences and related occupations,490
Nunavut,Male,2 Natural and applied sciences and related occupations,375
Nunavut,Female,2 Natural and applied sciences and related occupations,115
Canada,Total,3 Health occupations,1601710
Canada,Male,3 Health occupations,315180
Canada,Female,3 Health occupations,1286535
Newfoundland and Labrador,Total,3 Health occupations,23320
Newfoundland and Labrador,Male,3 Health occupations,4080
Newfoundland and Labrador,Female,3 Health occupations,19235
Prince Edward Island,Total,3 Health occupations,7265
Prince Edward Island,Male,3 Health occupations,1080
Prince Edward Island,Female,3 Health occupations,6185
Nova Scotia,Total,3 Health occupations,48825
Nova Scotia,Male,3 Health occupations,8345
Nova Scotia,Female,3 Health occupations,40480
New Brunswick,Total,3 Health occupations,37225
New Brunswick,Male,3 Health occupations,5955
New Brunswick,Female,3 Health occupations,31265
Quebec,Total,3 Health occupations,382265
Quebec,Male,3 Health occupations,74415
Quebec,Female,3 Health occupations,307850
Ontario,Total,3 Health occupations,578200
Ontario,Male,3 Health occupations,115790
Ontario,Female,3 Health occupations,462405
Manitoba,Total,3 Health occupations,61660
Manitoba,Male,3 Health occupations,13445
Manitoba,Female,3 Health occupations,48215
Saskatchewan,Total,3 Health occupations,53175
Saskatchewan,Male,3 Health occupations,8960
Saskatchewan,Female,3 Health occupations,44215
Alberta,Total,3 Health occupations,193895
Alberta,Male,3 Health occupations,36120
Alberta,Female,3 Health occupations,157780
British Columbia,Total,3 Health occupations,212305
British Columbia,Male,3 Health occupations,46305
British Columbia,Female,3 Health occupations,166000
Yukon,Total,3 Health occupations,1605
Yukon,Male,3 Health occupations,295
Yukon,Female,3 Health occupations,1310
Northwest Territories,Total,3 Health occupations,1390
Northwest Territories,Male,3 Health occupations,290
Northwest Territories,Female,3 Health occupations,1100
Nunavut,Total,3 Health occupations,585
Nunavut,Male,3 Health occupations,90
Nunavut,Female,3 Health occupations,495
Canada,Total,"4 Occupations in education, law and social, community and government services",2532170
Canada,Male,"4 Occupations in education, law and social, community and government services",816725
Canada,Female,"4 Occupations in education, law and social, community and government services",1715450
Newfoundland and Labrador,Total,"4 Occupations in education, law and social, community and government services",37370
Newfoundland and Labrador,Male,"4 Occupations in education, law and social, community and government services",10460
Newfoundland and Labrador,Female,"4 Occupations in education, law and social, community and government services",26910
Prince Edward Island,Total,"4 Occupations in education, law and social, community and government services",10970
Prince Edward Island,Male,"4 Occupations in education, law and social, community and government services",3245
Prince Edward Island,Female,"4 Occupations in education, law and social, community and government services",7725
Nova Scotia,Total,"4 Occupations in education, law and social, community and government services",73205
Nova Scotia,Male,"4 Occupations in education, law and social, community and government services",26255
Nova Scotia,Female,"4 Occupations in education, law and social, community and government services",46955
New Brunswick,Total,"4 Occupations in education, law and social, community and government services",55630
New Brunswick,Male,"4 Occupations in education, law and social, community and government services",19220
New Brunswick,Female,"4 Occupations in education, law and social, community and government services",36410
Quebec,Total,"4 Occupations in education, law and social, community and government services",601675
Quebec,Male,"4 Occupations in education, law and social, community and government services",179715
Quebec,Female,"4 Occupations in education, law and social, community and government services",421960
Ontario,Total,"4 Occupations in education, law and social, community and government services",957480
Ontario,Male,"4 Occupations in education, law and social, community and government services",316155
Ontario,Female,"4 Occupations in education, law and social, community and government services",641320
Manitoba,Total,"4 Occupations in education, law and social, community and government services",100315
Manitoba,Male,"4 Occupations in education, law and social, community and government services",33095
Manitoba,Female,"4 Occupations in education, law and social, community and government services",67220
Saskatchewan,Total,"4 Occupations in education, law and social, community and government services",77825
Saskatchewan,Male,"4 Occupations in education, law and social, community and government services",24395
Saskatchewan,Female,"4 Occupations in education, law and social, community and government services",53430
Alberta,Total,"4 Occupations in education, law and social, community and government services",267785
Alberta,Male,"4 Occupations in education, law and social, community and government services",88015
Alberta,Female,"4 Occupations in education, law and social, community and government services",179770
British Columbia,Total,"4 Occupations in education, law and social, community and government services",336840
British Columbia,Male,"4 Occupations in education, law and social, community and government services",111625
British Columbia,Female,"4 Occupations in education, law and social, community and government services",225210
Yukon,Total,"4 Occupations in education, law and social, community and government services",4810
Yukon,Male,"4 Occupations in education, law and social, community and government services",1585
Yukon,Female,"4 Occupations in education, law and social, community and government services",3225
Northwest Territories,Total,"4 Occupations in education, law and social, community and government services",5040
Northwest Territories,Male,"4 Occupations in education, law and social, community and government services",1925
Northwest Territories,Female,"4 Occupations in education, law and social, community and government services",3115
Nunavut,Total,"4 Occupations in education, law and social, community and government services",3240
Nunavut,Male,"4 Occupations in education, law and social, community and government services",1040
Nunavut,Female,"4 Occupations in education, law and social, community and government services",2205
Canada,Total,"5 Occupations in art, culture, recreation and sport",697260
Canada,Male,"5 Occupations in art, culture, recreation and sport",319920
Canada,Female,"5 Occupations in art, culture, recreation and sport",377340
Newfoundland and Labrador,Total,"5 Occupations in art, culture, recreation and sport",5945
Newfoundland and Labrador,Male,"5 Occupations in art, culture, recreation and sport",2620
Newfoundland and Labrador,Female,"5 Occupations in art, culture, recreation and sport",3320
Prince Edward Island,Total,"5 Occupations in art, culture, recreation and sport",2270
Prince Edward Island,Male,"5 Occupations in art, culture, recreation and sport",1040
Prince Edward Island,Female,"5 Occupations in art, culture, recreation and sport",1225
Nova Scotia,Total,"5 Occupations in art, culture, recreation and sport",15920
Nova Scotia,Male,"5 Occupations in art, culture, recreation and sport",6985
Nova Scotia,Female,"5 Occupations in art, culture, recreation and sport",8935
New Brunswick,Total,"5 Occupations in art, culture, recreation and sport",9150
New Brunswick,Male,"5 Occupations in art, culture, recreation and sport",4145
New Brunswick,Female,"5 Occupations in art, culture, recreation and sport",5010
Quebec,Total,"5 Occupations in art, culture, recreation and sport",173015
Quebec,Male,"5 Occupations in art, culture, recreation and sport",85080
Quebec,Female,"5 Occupations in art, culture, recreation and sport",87935
Ontario,Total,"5 Occupations in art, culture, recreation and sport",272540
Ontario,Male,"5 Occupations in art, culture, recreation and sport",123405
Ontario,Female,"5 Occupations in art, culture, recreation and sport",149130
Manitoba,Total,"5 Occupations in art, culture, recreation and sport",17845
Manitoba,Male,"5 Occupations in art, culture, recreation and sport",7875
Manitoba,Female,"5 Occupations in art, culture, recreation and sport",9970
Saskatchewan,Total,"5 Occupations in art, culture, recreation and sport",13075
Saskatchewan,Male,"5 Occupations in art, culture, recreation and sport",4935
Saskatchewan,Female,"5 Occupations in art, culture, recreation and sport",8140
Alberta,Total,"5 Occupations in art, culture, recreation and sport",59950
Alberta,Male,"5 Occupations in art, culture, recreation and sport",24240
Alberta,Female,"5 Occupations in art, culture, recreation and sport",35710
British Columbia,Total,"5 Occupations in art, culture, recreation and sport",125490
British Columbia,Male,"5 Occupations in art, culture, recreation and sport",58695
British Columbia,Female,"5 Occupations in art, culture, recreation and sport",66795
Yukon,Total,"5 Occupations in art, culture, recreation and sport",925
Yukon,Male,"5 Occupations in art, culture, recreation and sport",415
Yukon,Female,"5 Occupations in art, culture, recreation and sport",510
Northwest Territories,Total,"5 Occupations in art, culture, recreation and sport",605
Northwest Territories,Male,"5 Occupations in art, culture, recreation and sport",250
Northwest Territories,Female,"5 Occupations in art, culture, recreation and sport",360
Nunavut,Total,"5 Occupations in art, culture, recreation and sport",530
Nunavut,Male,"5 Occupations in art, culture, recreation and sport",235
Nunavut,Female,"5 Occupations in art, culture, recreation and sport",295
Canada,Total,6 Sales and service occupations,5226370
Canada,Male,6 Sales and service occupations,2316525
Canada,Female,6 Sales and service occupations,2909845
Newfoundland and Labrador,Total,6 Sales and service occupations,68155
Newfoundland and Labrador,Male,6 Sales and service occupations,27230
Newfoundland and Labrador,Female,6 Sales and service occupations,40925
Prince Edward Island,Total,6 Sales and service occupations,22405
Prince Edward Island,Male,6 Sales and service occupations,9080
Prince Edward Island,Female,6 Sales and service occupations,13325
Nova Scotia,Total,6 Sales and service occupations,141360
Nova Scotia,Male,6 Sales and service occupations,60170
Nova Scotia,Female,6 Sales and service occupations,81190
New Brunswick,Total,6 Sales and service occupations,114365
New Brunswick,Male,6 Sales and service occupations,48225
New Brunswick,Female,6 Sales and service occupations,66140
Quebec,Total,6 Sales and service occupations,1207455
Quebec,Male,6 Sales and service occupations,563310
Quebec,Female,6 Sales and service occupations,644140
Ontario,Total,6 Sales and service occupations,1978335
Ontario,Male,6 Sales and service occupations,877765
Ontario,Female,6 Sales and service occupations,1100565
Manitoba,Total,6 Sales and service occupations,179225
Manitoba,Male,6 Sales and service occupations,78815
Manitoba,Female,6 Sales and service occupations,100410
Saskatchewan,Total,6 Sales and service occupations,149310
Saskatchewan,Male,6 Sales and service occupations,63475
Saskatchewan,Female,6 Sales and service occupations,85835
Alberta,Total,6 Sales and service occupations,601000
Alberta,Male,6 Sales and service occupations,255480
Alberta,Female,6 Sales and service occupations,345515
British Columbia,Total,6 Sales and service occupations,750540
British Columbia,Male,6 Sales and service occupations,326530
British Columbia,Female,6 Sales and service occupations,424010
Yukon,Total,6 Sales and service occupations,5335
Yukon,Male,6 Sales and service occupations,2440
Yukon,Female,6 Sales and service occupations,2895
Northwest Territories,Total,6 Sales and service occupations,5055
Northwest Territories,Male,6 Sales and service occupations,2280
Northwest Territories,Female,6 Sales and service occupations,2780
Nunavut,Total,6 Sales and service occupations,3825
Nunavut,Male,6 Sales and service occupations,1710
Nunavut,Female,6 Sales and service occupations,2120
Canada,Total,"7 Trades, transport and equipment operators and related occupations",3526800
Canada,Male,"7 Trades, transport and equipment operators and related occupations",3204945
Canada,Female,"7 Trades, transport and equipment operators and related occupations",321855
Newfoundland and Labrador,Total,"7 Trades, transport and equipment operators and related occupations",54575
Newfoundland and Labrador,Male,"7 Trades, transport and equipment operators and related occupations",50230
Newfoundland and Labrador,Female,"7 Trades, transport and equipment operators and related occupations",4345
Prince Edward Island,Total,"7 Trades, transport and equipment operators and related occupations",15570
Prince Edward Island,Male,"7 Trades, transport and equipment operators and related occupations",14380
Prince Edward Island,Female,"7 Trades, transport and equipment operators and related occupations",1185
Nova Scotia,Total,"7 Trades, transport and equipment operators and related occupations",89775
Nova Scotia,Male,"7 Trades, transport and equipment operators and related occupations",82710
Nova Scotia,Female,"7 Trades, transport and equipment operators and related occupations",7065
New Brunswick,Total,"7 Trades, transport and equipment operators and related occupations",75675
New Brunswick,Male,"7 Trades, transport and equipment operators and related occupations",70425
New Brunswick,Female,"7 Trades, transport and equipment operators and related occupations",5255
Quebec,Total,"7 Trades, transport and equipment operators and related occupations",762630
Quebec,Male,"7 Trades, transport and equipment operators and related occupations",700360
Quebec,Female,"7 Trades, transport and equipment operators and related occupations",62270
Ontario,Total,"7 Trades, transport and equipment operators and related occupations",1278455
Ontario,Male,"7 Trades, transport and equipment operators and related occupations",1153435
Ontario,Female,"7 Trades, transport and equipment operators and related occupations",125020
Manitoba,Total,"7 Trades, transport and equipment operators and related occupations",134415
Manitoba,Male,"7 Trades, transport and equipment operators and related occupations",124430
Manitoba,Female,"7 Trades, transport and equipment operators and related occupations",9990
Saskatchewan,Total,"7 Trades, transport and equipment operators and related occupations",114350
Saskatchewan,Male,"7 Trades, transport and equipment operators and related occupations",104545
Saskatchewan,Female,"7 Trades, transport and equipment operators and related occupations",9805
Alberta,Total,"7 Trades, transport and equipment operators and related occupations",477810
Alberta,Male,"7 Trades, transport and equipment operators and related occupations",430740
Alberta,Female,"7 Trades, transport and equipment operators and related occupations",47060
British Columbia,Total,"7 Trades, transport and equipment operators and related occupations",511120
British Columbia,Male,"7 Trades, transport and equipment operators and related occupations",462275
British Columbia,Female,"7 Trades, transport and equipment operators and related occupations",48845
Yukon,Total,"7 Trades, transport and equipment operators and related occupations",4805
Yukon,Male,"7 Trades, transport and equipment operators and related occupations",4355
Yukon,Female,"7 Trades, transport and equipment operators and related occupations",445
Northwest Territories,Total,"7 Trades, transport and equipment operators and related occupations",4580
Northwest Territories,Male,"7 Trades, transport and equipment operators and related occupations",4235
Northwest Territories,Female,"7 Trades, transport and equipment operators and related occupations",350
Nunavut,Total,"7 Trades, transport and equipment operators and related occupations",3035
Nunavut,Male,"7 Trades, transport and equipment operators and related occupations",2820
Nunavut,Female,"7 Trades, transport and equipment operators and related occupations",215
Canada,Total,"8 Natural resources, agriculture and related production occupations",617425
Canada,Male,"8 Natural resources, agriculture and related production occupations",472910
Canada,Female,"8 Natural resources, agriculture and related production occupations",144515
Newfoundland and Labrador,Total,"8 Natural resources, agriculture and related production occupations",13660
Newfoundland and Labrador,Male,"8 Natural resources, agriculture and related production occupations",10905
Newfoundland and Labrador,Female,"8 Natural resources, agriculture and related production occupations",2750
Prince Edward Island,Total,"8 Natural resources, agriculture and related production occupations",7685
Prince Edward Island,Male,"8 Natural resources, agriculture and related production occupations",6040
Prince Edward Island,Female,"8 Natural resources, agriculture and related production occupations",1645
Nova Scotia,Total,"8 Natural resources, agriculture and related production occupations",20710
Nova Scotia,Male,"8 Natural resources, agriculture and related production occupations",17075
Nova Scotia,Female,"8 Natural resources, agriculture and related production occupations",3640
New Brunswick,Total,"8 Natural resources, agriculture and related production occupations",16735
New Brunswick,Male,"8 Natural resources, agriculture and related production occupations",13740
New Brunswick,Female,"8 Natural resources, agriculture and related production occupations",2990
Quebec,Total,"8 Natural resources, agriculture and related production occupations",99600
Quebec,Male,"8 Natural resources, agriculture and related production occupations",79010
Quebec,Female,"8 Natural resources, agriculture and related production occupations",20590
Ontario,Total,"8 Natural resources, agriculture and related production occupations",168470
Ontario,Male,"8 Natural resources, agriculture and related production occupations",126660
Ontario,Female,"8 Natural resources, agriculture and related production occupations",41815
Manitoba,Total,"8 Natural resources, agriculture and related production occupations",33805
Manitoba,Male,"8 Natural resources, agriculture and related production occupations",26205
Manitoba,Female,"8 Natural resources, agriculture and related production occupations",7600
Saskatchewan,Total,"8 Natural resources, agriculture and related production occupations",60220
Saskatchewan,Male,"8 Natural resources, agriculture and related production occupations",46425
Saskatchewan,Female,"8 Natural resources, agriculture and related production occupations",13795
Alberta,Total,"8 Natural resources, agriculture and related production occupations",111490
Alberta,Male,"8 Natural resources, agriculture and related production occupations",86110
Alberta,Female,"8 Natural resources, agriculture and related production occupations",25375
British Columbia,Total,"8 Natural resources, agriculture and related production occupations",83150
British Columbia,Male,"8 Natural resources, agriculture and related production occupations",59185
British Columbia,Female,"8 Natural resources, agriculture and related production occupations",23965
Yukon,Total,"8 Natural resources, agriculture and related production occupations",860
Yukon,Male,"8 Natural resources, agriculture and related production occupations",640
Yukon,Female,"8 Natural resources, agriculture and related production occupations",230
Northwest Territories,Total,"8 Natural resources, agriculture and related production occupations",685
Northwest Territories,Male,"8 Natural resources, agriculture and related production occupations",590
Northwest Territories,Female,"8 Natural resources, agriculture and related production occupations",95
Nunavut,Total,"8 Natural resources, agriculture and related production occupations",340
Nunavut,Male,"8 Natural resources, agriculture and related production occupations",320
Nunavut,Female,"8 Natural resources, agriculture and related production occupations",25
Canada,Total,9 Occupations in manufacturing and utilities,937355
Canada,Male,9 Occupations in manufacturing and utilities,664465
Canada,Female,9 Occupations in manufacturing and utilities,272895
Newfoundland and Labrador,Total,9 Occupations in manufacturing and utilities,11155
Newfoundland and Labrador,Male,9 Occupations in manufacturing and utilities,7680
Newfoundland and Labrador,Female,9 Occupations in manufacturing and utilities,3475
Prince Edward Island,Total,9 Occupations in manufacturing and utilities,4670
Prince Edward Island,Male,9 Occupations in manufacturing and utilities,3045
Prince Edward Island,Female,9 Occupations in manufacturing and utilities,1620
Nova Scotia,Total,9 Occupations in manufacturing and utilities,21655
Nova Scotia,Male,9 Occupations in manufacturing and utilities,16050
Nova Scotia,Female,9 Occupations in manufacturing and utilities,5605
New Brunswick,Total,9 Occupations in manufacturing and utilities,21680
New Brunswick,Male,9 Occupations in manufacturing and utilities,15775
New Brunswick,Female,9 Occupations in manufacturing and utilities,5900
Quebec,Total,9 Occupations in manufacturing and utilities,227185
Quebec,Male,9 Occupations in manufacturing and utilities,163635
Quebec,Female,9 Occupations in manufacturing and utilities,63550
Ontario,Total,9 Occupations in manufacturing and utilities,405660
Ontario,Male,9 Occupations in manufacturing and utilities,273785
Ontario,Female,9 Occupations in manufacturing and utilities,131870
Manitoba,Total,9 Occupations in manufacturing and utilities,36865
Manitoba,Male,9 Occupations in manufacturing and utilities,27030
Manitoba,Female,9 Occupations in manufacturing and utilities,9835
Saskatchewan,Total,9 Occupations in manufacturing and utilities,20580
Saskatchewan,Male,9 Occupations in manufacturing and utilities,16955
Saskatchewan,Female,9 Occupations in manufacturing and utilities,3630
Alberta,Total,9 Occupations in manufacturing and utilities,90130
Alberta,Male,9 Occupations in manufacturing and utilities,70930
Alberta,Female,9 Occupations in manufacturing and utilities,19200
British Columbia,Total,9 Occupations in manufacturing and utilities,96625
British Columbia,Male,9 Occupations in manufacturing and utilities,68625
British Columbia,Female,9 Occupations in manufacturing and utilities,28000
Yukon,Total,9 Occupations in manufacturing and utilities,450
Yukon,Male,9 Occupations in manufacturing and utilities,355
Yukon,Female,9 Occupations in manufacturing and utilities,90
Northwest Territories,Total,9 Occupations in manufacturing and utilities,460
Northwest Territories,Male,9 Occupations in manufacturing and utilities,390
Northwest Territories,Female,9 Occupations in manufacturing and utilities,75
Nunavut,Total,9 Occupations in manufacturing and utilities,245
Nunavut,Male,9 Occupations in manufacturing and utilities,200
Nunavut,Female,9 Occupations in manufacturing and utilities,40
